question_id,category,question,ground_truth_answer,source_pmid,mesh_terms,difficulty
DIAG_717_001,Category 1: Diagnosis,"According to the survey, what are the primary benefits of early detection of Alzheimer's Disease?",Early detection is crucial for slowing disease progression and improving patient outcomes.,41728717,Alzheimer Disease/diagnosis,easy
DIAG_717_002,Category 1: Diagnosis,"A 75-year-old patient is exhibiting minor memory loss. Based on the abstract, what specific, non-invasive, AI-driven methods could be suggested for initial assessment of early-stage Alzheimer's?",The survey suggests non-invasive techniques leveraging AI such as speech analysis and gait monitoring to detect subtle cognitive and physical changes associated with early Alzheimer's.,41728717,Alzheimer Disease/diagnosis,medium
DIAG_717_003,Category 1: Diagnosis,"For a patient in the prodromal stage of Alzheimer's, where symptoms are subtle, why are emerging techniques like speech analysis and gait monitoring considered particularly valuable compared to traditional diagnostic approaches implied by the text?","These techniques are valuable because they are non-invasive and leverage AI and computer vision to detect the very subtle cognitive and physical changes characteristic of the early stages of Alzheimer's, which may be missed by standard observation until the disease is more advanced.",41728717,Alzheimer Disease/diagnosis,hard
DIAG_413_001,Category 1: Diagnosis,What is the primary advantage of using Fair MCCA (F-MCCA) over standard MCCA when analyzing neuroimaging data for Alzheimer's Disease?,"The primary advantage is that F-MCCA mitigates demographic bias (e.g., by sex) in the analysis, leading to more equitable results across different groups with only a minimal sacrifice in overall correlation performance.",41726413,Alzheimer Disease/diagnosis,easy
DIAG_413_002,Category 1: Diagnosis,"If a new diagnostic model for Alzheimer's, built on multi-modal data, shows high overall accuracy but has a significantly different error rate for men versus women, which specific fairness metric mentioned in the study would F-MCCA aim to improve?","F-MCCA would aim to improve the 'equalized odds difference.' This metric specifically addresses disparities in true positive and false positive rates between sensitive groups, which corresponds to having different error rates for men and women.",41726413,Alzheimer Disease/diagnosis,medium
DIAG_413_003,Category 1: Diagnosis,"A hospital is considering two AI models for Alzheimer's diagnosis support. Model A (standard MCCA) has 88% overall accuracy. Model B (F-MCCA) has 86% overall accuracy but demonstrates near-zero demographic parity and equalized odds differences between sexes. From a clinical ethics and utility standpoint, why might Model B be the superior choice despite its slightly lower accuracy?","Model B would likely be the superior choice because its fairness ensures that the diagnostic support it provides is reliable and not systematically biased against either sex. A small drop in overall accuracy is an acceptable trade-off to avoid the significant clinical risk of consistently misdiagnosing or failing to diagnose patients from a specific demographic group, thereby ensuring more equitable care.",41726413,Alzheimer Disease/diagnosis,hard
DIAG_137_001,Category 1: Diagnosis,"Which machine learning model achieved the highest accuracy on clinical data in this study, and what was that accuracy?",Random Forest (RF) achieved the highest accuracy of 97% on clinical data.,41591137,Alzheimer Disease/diagnosis,easy
DIAG_137_002,Category 1: Diagnosis,"What computational approach, distinct from traditional machine learning classifiers, was applied to MRI scans for stage-wise classification of Alzheimer's disease in this study?",Deep learning (DL) models were applied to MRI scans for stage-wise classification.,41591137,Alzheimer Disease/diagnosis,easy
DIAG_137_003,Category 1: Diagnosis,What specific explainable AI (XAI) techniques were incorporated into this study to provide interpretability for the diagnostic models?,SHAP and Grad-CAM visualizations were incorporated for interpretability.,41591137,Alzheimer Disease/diagnosis,medium
DIAG_198_001,Category 1: Diagnosis,"According to the abstract, what type of biomarkers has been a recent focus in Alzheimer's Disease research for diagnostic purposes?",Recent Alzheimer's Disease research has focused on potential CSF biomarkers as diagnostic tools.,41570198,Alzheimer Disease/diagnosis,easy
DIAG_198_002,Category 1: Diagnosis,"What specific CSF biomarker ratio is being investigated for discordance with amyloid status in this study, and what method was employed to determine its diagnostic cutoff?","The study is investigating the discordance between CSF Aβ42:40 and amyloid status. The diagnostic cutoff for Aβ42:40 was calculated using the Youden Index, which resulted from a receiver operating characteristic (ROC) curve.",41570198,Alzheimer Disease/diagnosis,medium
DIAG_198_003,Category 1: Diagnosis,"Beyond examining the discordance between CSF Aβ42:40 and amyloid status, what additional pathological characteristic does this study aim to evaluate in relation to these changes?",The study aims to evaluate whether there are any significant changes in the levels of tau aggregation associated with the discordance between CSF Aβ42:40 and amyloid status.,41570198,Alzheimer Disease/diagnosis,hard
DIAG_193_001,Category 1: Diagnosis,What is the primary objective of the study concerning tau PET tracers and Braak staging?,"The study aims to compare Braak staging across four different tau PET tracers: Flortaucipir, MK6240, PI2620, and RO948.",41570193,Alzheimer Disease/diagnosis,easy
DIAG_193_002,Category 1: Diagnosis,"According to the abstract, what inherent challenges exist when adapting the histopathological Braak staging framework to PET imaging?","Challenges arise due to differences in tracer uptake patterns and binding properties, which can affect sensitivity, specificity, and regional staging in PET imaging.",41570193,Alzheimer Disease/diagnosis,medium
DIAG_193_003,Category 1: Diagnosis,Which specific analytical methods were used in this study to evaluate systematic bias and agreement between the different tau PET tracers for Braak stage estimates?,The researchers computed pairwise differences at corresponding Braak stage estimates and applied the Bland-Altman method to assess mean bias and limits of agreement.,41570193,Alzheimer Disease/diagnosis,medium
DIAG_330_001,Category 1: Diagnosis,What is the primary clinical objective addressed by the research described in the abstract?,The primary clinical objective is the early diagnosis of Alzheimer's disease (AD).,41534330,Alzheimer Disease/diagnosis,easy
DIAG_330_002,Category 1: Diagnosis,What type of novel neural network architecture is proposed to integrate both image and non-image information for Alzheimer's disease classification?,A novel graph attention network (GAT) is proposed.,41534330,Alzheimer Disease/diagnosis,medium
DIAG_330_003,Category 1: Diagnosis,How does the proposed method initially process blood-oxygen-level-dependent (BOLD) signals and integrate structural information to obtain brain networks?,"Initially, a group sparse representation approach is devised to consider the strength of connections among BOLD signals in corresponding brain regions, which constrains the correlation between brain functional networks. Subsequently, structural networks are utilized as a means of supervising the construction of these functional networks.",41534330,Alzheimer Disease/diagnosis,hard
DIAG_107_001,Category 1: Diagnosis,What is the primary research gap concerning plasma biomarkers and cognitive decline that this study aims to address?,"The study aims to clarify the relationship between plasma biomarkers (known for detecting AD/ADRD-related brain pathology) and cognitive decline, as this relationship remains unclear despite their excellent performance in pathology detection.",41534107,Alzheimer Disease/diagnosis,easy
DIAG_107_002,Category 1: Diagnosis,List the five specific plasma biomarkers that were measured in this study.,"The measured plasma biomarkers were p-tau181, p-tau217, brain-derived tau (BD-tau), GFAP, and NfL.",41534107,Alzheimer Disease/diagnosis,medium
DIAG_107_003,Category 1: Diagnosis,"Describe the timeline for cognitive assessments in the study, including the frequency, maximum duration, and the median (with IQR) follow-up period.","After baseline assessment, participants underwent annual CDR assessments for up to 29 years, with a median follow-up time of 3.0 years (IQR 1.9-5.9).",41534107,Alzheimer Disease/diagnosis,hard
DIAG_344_001,Category 1: Diagnosis,"According to the abstract, what are the primary characteristics of Alzheimer's disease?","Alzheimer's disease (AD) is described as a neurodegenerative disease, one of the leading causes of dementia globally, characterized by a long pre-symptomatic period and the gradual development of cognitive impairment.",41524344,Alzheimer Disease/diagnosis,easy
DIAG_344_002,Category 1: Diagnosis,Why is the improvement of early diagnosis methods for Alzheimer's disease highlighted as a key area of focus?,"Improving early diagnosis methods is crucial to enable therapeutic intervention during pre-dementia stages, which can help prevent the irreversible progressive degeneration of neuronal structures.",41524344,Alzheimer Disease/diagnosis,medium
DIAG_344_003,Category 1: Diagnosis,What are the stated limitations of using cerebrospinal fluid (CSF) analysis for diagnosing Alzheimer's disease in clinical practice?,The use of CSF analysis for AD diagnosis in clinical practice is limited due to its low accessibility and the invasive nature of the sampling procedure.,41524344,Alzheimer Disease/diagnosis,easy
DIAG_246_001,Category 1: Diagnosis,"According to the abstract, what is an important area of research in addressing cognitive disorders?",The identification of molecular biomarkers that reflect early pathophysiological changes and facilitate a more accurate biological characterization of cognitive impairment.,41516246,Alzheimer Disease/diagnosis,easy
DIAG_246_002,Category 1: Diagnosis,Which specific molecular biomarkers are mentioned in the abstract as being part of comprehensive diagnostic panels for Alzheimer's disease (AD) and vascular dementia (VD)?,"The abstract mentions β-amyloid, CD34, claudin, DRP1, endothelin-1, NF-kB, PINK1, RAGE, S100, α-synuclein, and tau protein.",41516246,Alzheimer Disease/diagnosis,medium
DIAG_246_003,Category 1: Diagnosis,"Based on the study's results, what is the key advantage of using comprehensive panels of signaling molecules, rather than individual markers, for diagnosing cognitive disorders like AD and VD?","The study results demonstrate that cumulative changes in the expression of signaling molecules reflect various neurodegenerative and vascular-associated biological processes, which allows for a more comprehensive and accurate biological characterization of cognitive impairment.",41516246,Alzheimer Disease/diagnosis,hard
DIAG_074_001,Category 1: Diagnosis,"According to this study, what advanced optical spectroscopy methods were utilized to identify nanoscale structural changes in the brains of 5xFAD mice indicative of Alzheimer's disease?","Light-scattering techniques, specifically Partial Wave Spectroscopy (PWS) and Inverse Participation Ratio (IPR).",41516074,Alzheimer Disease/diagnosis,easy
DIAG_074_002,Category 1: Diagnosis,"When using the light-scattering techniques described in the study, what specific nanoscale structural alterations were observed to be significantly increased in the brains of 5xFAD mice compared to Non-transgenic controls?",Significant increases in structural heterogeneity and mass density fluctuations.,41516074,Alzheimer Disease/diagnosis,easy
DIAG_074_003,Category 1: Diagnosis,"Beyond the optical spectroscopy findings, what behavioral assessment was performed in 5xFAD mice, and what cognitive impairment did it reveal, supporting the AD pathology observations?","The Novel Object Recognition test was used, which demonstrated memory impairment in 5xFAD mice.",41516074,Alzheimer Disease/diagnosis,medium
STAG_014_001,Category 2: Disease Staging,What is the primary pathological method used to classify Tauopathies according to the abstract?,"Tauopathies are pathologically classified based on the major Tau isoforms (3R, 4R, or an equal 3R:4R ratio) identified in the inclusion bodies of the brain.",41904014,Alzheimer Disease/pathology,easy
STAG_014_002,Category 2: Disease Staging,"Beyond the classification based on Tau isoforms, what additional aspects does the abstract mention are used to differentiate and characterize various Tauopathies?","The review differentiates Tauopathies by considering whether they are primary or secondary forms, the involvement of specific Tau isoforms, the affected brain areas, and the corresponding neuropathological features.",41904014,Alzheimer Disease/pathology,medium
STAG_014_003,Category 2: Disease Staging,"How does the abstract categorize the forms of Tauopathies it will address in the review, regarding their origin or manifestation?",The review addresses Tauopathies by differentiating between primary and secondary forms.,41904014,Alzheimer Disease/pathology,easy
STAG_009_001,Category 2: Disease Staging,Which two specific Type III intermediate filament proteins are explicitly mentioned as highly involved in neurodegenerative diseases?,Glial Fibrillary Acidic Protein (GFAP) and peripherin.,41904009,Alzheimer Disease/pathology,easy
STAG_009_002,Category 2: Disease Staging,"Neurofilament proteins NF-L, NF-M, and NF-H are highlighted for their significant involvement in neurodegenerative diseases. What type of intermediate filament do these proteins belong to, and what do the letters L, M, and H denote?","These proteins belong to Type IV intermediate filaments. L signifies light, M signifies medium, and H signifies heavy.",41904009,Alzheimer Disease/pathology,medium
STAG_009_003,Category 2: Disease Staging,"Considering the observed involvement of Type III, Type IV, Type V, and Type VI intermediate filaments in neurodegenerative diseases such as Alzheimer's and Multiple Sclerosis, how might this information be utilized for clinical decision support related to disease staging, despite the abstract not detailing specific staging methods?","Although the abstract confirms the involvement of these intermediate filaments in neurodegenerative diseases, it does not specify staging protocols. However, this involvement suggests their potential as biomarkers. In a clinical setting, monitoring changes in their expression levels, aggregation, or cellular distribution could provide insights for diagnosis, track disease progression, or help stratify patients based on disease severity, thereby aiding in disease staging and treatment decisions. For example, elevated levels of neurofilaments in cerebrospinal fluid or blood are often used as markers of neuronal damage, reflecting disease activity.",41904009,Alzheimer Disease/pathology,hard
STAG_008_001,Category 2: Disease Staging,"According to the abstract, what is the initial modification to the microtubule-associated protein Tau that characterizes Alzheimer's Disease and impacts cytoskeletal function?","Alzheimer's Disease is characterized by hyperphosphorylation of the microtubule-associated protein Tau, which impairs Tau's ability to stabilize microtubules, leading to structural instability.",41904008,Alzheimer Disease/pathology,easy
STAG_008_002,Category 2: Disease Staging,"How do G-protein coupled receptors (GPCRs) mediate cellular responses to extracellular Tau in the context of neurodegenerative diseases, as described in the abstract?","Extracellular Tau species interact with GPCRs, particularly in microglia and astrocytes, triggering neuroinflammatory responses and cytoskeletal remodelling.",41904008,Alzheimer Disease/pathology,medium
STAG_008_003,Category 2: Disease Staging,"What are the key consequences of hyperphosphorylated Tau's inability to stabilize microtubules, leading to both functional impairment and observable pathological structures in Alzheimer's Disease?","The consequences include disrupted axonal transport, neuronal degeneration, and the aggregation of hyperphosphorylated Tau into neurofibrillary tangles and oligomers, exacerbating cellular dysfunction.",41904008,Alzheimer Disease/pathology,medium
STAG_006_001,Category 2: Disease Staging,"What specific post-translational modification of tau is identified as a critical factor in Alzheimer's disease pathogenesis, leading to cytoskeletal disruption and impaired synaptic plasticity?",Tau acetylation.,41904006,Alzheimer Disease/pathology,easy
STAG_006_002,Category 2: Disease Staging,Name at least three specific cellular processes crucial for synaptic plasticity that are directly impaired by the disruption of cytoskeletal integrity due to acetylated tau aggregates in Alzheimer's disease.,"Impaired dendritic spine formation, α-amino-3-hydroxy-5-methyl-4-isoxazole propionic acid (AMPA) receptor trafficking, mitochondrial transport, and autophagy.",41904006,Alzheimer Disease/pathology,medium
STAG_006_003,Category 2: Disease Staging,"Beyond neurons, which other major category of brain cells, including specific examples, are mentioned as having their contribution to synaptic plasticity interfered with by acetylated tau aggregates in Alzheimer's disease?","Glial cells, specifically astrocytes, oligodendrocytes, and microglia.",41904006,Alzheimer Disease/pathology,medium
STAG_005_001,Category 2: Disease Staging,"According to the abstract, what are the primary cellular components whose dynamics are disrupted by Tau pathology in Alzheimer's disease?","Tau pathology in Alzheimer's disease disrupts cytoskeletal dynamics, specifically leading to actin and microtubule remodeling.",41904005,Alzheimer Disease/pathology,easy
STAG_005_002,Category 2: Disease Staging,"How does dysregulation of G-protein coupled receptor (GPCR) pathways impact the progression of Alzheimer's disease pathology, according to this study?","Dysregulation of GPCR pathways impairs microglial function, which in turn exacerbates Tau aggregation and neuroinflammation, thus contributing to disease progression.",41904005,Alzheimer Disease/pathology,medium
STAG_005_003,Category 2: Disease Staging,"Based on the findings presented, what are the proposed therapeutic targets or strategies that could mitigate Tau pathology and stabilize the cytoskeleton in Alzheimer's disease?","Potential therapeutic approaches include targeting GPCR-mediated pathways, as well as strategies aimed at enhancing actin stability and microtubule dynamics.",41904005,Alzheimer Disease/pathology,hard
STAG_004_001,Category 2: Disease Staging,"What are the three main structural regions of a podosome as described in the text, and what are they primarily composed of?","Podosomes are comprised of an actin filament core, a ring region composed of integrin and integrin-actin linkers, and a cap composed of tropomyosin 4.",41904004,Alzheimer Disease/pathology,easy
STAG_004_002,Category 2: Disease Staging,"List at least five distinct molecular components that are involved in the formation of podosomes, as mentioned in the abstract.","Molecular components involved in podosome formation include, but are not limited to: phosphatidylinositol, Src kinases, PI3 kinase, TKS5, integrins, cortactin, paxillin, Iba1, Sk3, PAM, EB1, CDC42, WASP, and Arp2/3. (Any five from this list are acceptable).",41904004,Alzheimer Disease/pathology,medium
STAG_004_003,Category 2: Disease Staging,"Given that podosomes are implicated in Alzheimer's disease pathology and are known to contribute to extracellular matrix (ECM) degradation and mechanosensing, how might their presence or activity be utilized as a potential indicator for disease staging or progression monitoring in Alzheimer's disease?","Since podosomes are part of Alzheimer's disease pathology and play a role in ECM degradation and mechanosensing, changes in their formation, organization, or activity (such as altered ECM degradation rates or mechanosensing signals) could potentially reflect the state or progression of the disease. Monitoring these podosome characteristics might therefore serve as an indicator for disease staging or for tracking changes in the cellular microenvironment relevant to Alzheimer's pathology.",41904004,Alzheimer Disease/pathology,hard
STAG_000_001,Category 2: Disease Staging,What is the primary pathological alteration of Tau protein in Alzheimer's disease that directly leads to Tauopathies?,"In Alzheimer's disease, the Tau protein becomes hyperphosphorylated and forms neurofibrillary tangles.",41904000,Alzheimer Disease/pathology,easy
STAG_000_002,Category 2: Disease Staging,"According to the abstract, how does Tau pathology specifically impair synaptic function in Alzheimer's disease?","Tau pathology impairs synaptic plasticity by disrupting both actin and microtubule cytoskeletons, leading to dendritic spine loss and synaptic failure.",41904000,Alzheimer Disease/pathology,medium
STAG_000_003,Category 2: Disease Staging,"Beyond the disruption of microtubule dynamics, what are the other major consequences of Tau pathology and cytoskeletal dysregulation described in the abstract regarding neuronal health and disease progression?","Tau pathology and cytoskeletal dysregulation lead to disrupted axonal transport, overall neuronal integrity issues, synaptic dysfunction, oxidative stress, neuronal degeneration, and accelerated neurodegenerative processes.",41904000,Alzheimer Disease/pathology,hard
STAG_395_001,Category 2: Disease Staging,"According to the abstract, what are the key characteristics of aging-associated gut dysbiosis linked to neurocognitive decline and neurodegenerative disorders like Alzheimer's disease?","Aging-associated gut dysbiosis is marked by the loss of beneficial microbes, expansion of opportunistic pathogens, and reduced microbial diversity.",41874395,Alzheimer Disease/pathology,easy
STAG_395_002,Category 2: Disease Staging,What immediate consequence of aging-associated gut dysbiosis can lead to microbial components entering the general circulation?,"Aging-associated gut dysbiosis can compromise intestinal barrier integrity, leading to a 'leaky gut' and increased translocation of microbial components or pathogens into the circulation.",41874395,Alzheimer Disease/pathology,medium
STAG_395_003,Category 2: Disease Staging,"Describe the proposed sequence of events by which 'pathobiome'-driven elements contribute to central nervous system pathology in Alzheimer's disease, as outlined in the abstract.","'Pathobiome'-driven elements contribute to AD pathology when aging-associated gut dysbiosis compromises intestinal barrier integrity, resulting in a 'leaky gut' and increased translocation of microbial components or pathogens into the circulation. These elements then cross a weakened blood-brain barrier, triggering neuroinflammation, amyloid-beta accumulation, tau hyperphosphorylation, and neuronal injury, thereby initiating or accelerating AD pathophysiology.",41874395,Alzheimer Disease/pathology,hard
STAG_206_001,Category 2: Disease Staging,"According to the abstract, what are the noticeable symptoms associated with Alzheimer's disease (AD)?",The noticeable symptoms of Alzheimer's disease include impaired memory and cognitive decline.,41708206,Alzheimer Disease/pathology,easy
STAG_206_002,Category 2: Disease Staging,The abstract describes Tau protein interactions as having dual outcomes. What are these two primary categories of outcomes when Tau interacts with other proteins?,"Tau protein interactions can either facilitate biological function or contribute to Tau-mediated pathogenic changes. Furthermore, these interactions can either propagate Tau pathogenesis or have a neuroprotective role, such as lowering toxic Tau species or inflammation.",41708206,Alzheimer Disease/pathology,medium
STAG_206_003,Category 2: Disease Staging,"The abstract identifies the intracellular aggregation of Tau into NFTs as the 'histopathological indicator that impairs the neuronal function' in AD. Given the context of disease staging, what is the significance of this specific indicator and its impact?","As a histopathological indicator, the intracellular aggregation of Tau into Neurofibrillary Tangles (NFTs) is a crucial pathological hallmark used to identify and potentially stage Alzheimer's disease. Its significance lies in directly linking a specific cellular pathology (Tau aggregation) to the observed functional impairment of neurons, which contributes to the symptomatic memory and cognitive decline characteristic of AD.",41708206,Alzheimer Disease/pathology,hard
STAG_751_001,Category 2: Disease Staging,"According to the abstract, what biological processes characterize the progression of Alzheimer's disease that current treatments fail to halt, which is relevant for understanding disease staging?",Current treatments fail to halt neurodegenerative processes in the brain and do not promote the regeneration of nervous tissue.,41665751,Alzheimer Disease/pathology,easy
STAG_751_002,Category 2: Disease Staging,"For clinicians assessing the ongoing pathological changes and potential for disease progression in Alzheimer's patients, what critical limitations of existing therapies are highlighted in this review regarding their impact on disease trajectory?","Existing therapies are critically limited because they cannot stop the ongoing neurodegenerative processes in the brain nor can they promote the regeneration of nervous tissue, thereby failing to alter the disease's trajectory.",41665751,Alzheimer Disease/pathology,medium
STAG_751_003,Category 2: Disease Staging,"If a patient's Alzheimer's disease is characterized by significant and ongoing neurodegeneration with an inability for neural tissue repair, what novel therapeutic strategy, as presented in the abstract, offers a potential solution specifically addressing these advanced pathological features, which are critical considerations in late-stage disease management?","Cell therapy is proposed as a promising strategy for Alzheimer's disease that aims to stop neurodegenerative processes and promote the regeneration of nervous tissue, directly addressing the advanced pathological features that current treatments cannot.",41665751,Alzheimer Disease/pathology,hard
TRET_139_001,Category 3: Treatment & Management,What crucial target for Alzheimer's disease therapy is being investigated in this study as a potential interaction site for phenolic compounds?,Amyloid-beta (Aß) peptides.,41920139,Alzheimer Disease/therapy,easy
TRET_139_002,Category 3: Treatment & Management,"Based on the computational insights provided, which two specific phenolic compounds exhibited superior binding to Aß fibrils?",Rhapontigenin and Okanin.,41920139,Alzheimer Disease/therapy,easy
TRET_139_003,Category 3: Treatment & Management,What primary methodological approaches were utilized in this study to explore the molecular binding mechanism of phenolic compounds with Aß fibrils?,"Computational methods, specifically extra precision (XP) docking, induced fit docking (IFD), and molecular dynamics (MD) simulations.",41920139,Alzheimer Disease/therapy,medium
TRET_705_001,Category 3: Treatment & Management,What type of animal model was utilized to establish the Alzheimer's disease (AD) model in this study?,"The study utilized C57BL/6 mice, with the Alzheimer's disease (AD) model established by subcutaneous injection of D-galactose.",41814705,Alzheimer Disease/therapy,easy
TRET_705_002,Category 3: Treatment & Management,What were the three different doses of Qiangji Decoction (QJD) extract administered to the treatment groups?,"The L-QJD group received 12.48 g·kg~(-1), the M-QJD group received 24.96 g·kg~(-1), and the H-QJD group received 49.92 g·kg~(-1) of QJD extract.",41814705,Alzheimer Disease/therapy,medium
TRET_705_003,Category 3: Treatment & Management,"According to the abstract, what specific molecular pathway and downstream effects are Qiangji Decoction (QJD) hypothesized to regulate to ameliorate D-galactose-induced neural damage?","Qiangji Decoction (QJD) is hypothesized to regulate the AMPKα/Drp1/Nrf2 pathway to suppress oxidative stress and neuronal apoptosis, thereby ameliorating neural damage.",41814705,Alzheimer Disease/therapy,hard
TRET_401_001,Category 3: Treatment & Management,"What is the observed expression level of TRIM11 in Alzheimer's Disease, and what is the effect of its overexpression in AD mouse models?",TRIM11 is downregulated in Alzheimer's Disease (AD) but has been demonstrated to improve cognitive function when overexpressed in mouse AD models.,41726401,Alzheimer Disease/therapy,easy
TRET_401_002,Category 3: Treatment & Management,What is the primary aim of this study in identifying new therapeutic targets for Alzheimer's Disease?,"The study aims to identify potential genetic regulators of TRIM11, which may offer new targets for future therapeutic strategies in AD.",41726401,Alzheimer Disease/therapy,easy
TRET_401_003,Category 3: Treatment & Management,What specific methodologies were employed in this study to identify potential genetic regulators of TRIM11?,"The study utilized single-cell and single-nucleus RNA sequencing, graph learning methods, a probabilistic approach, and Bayesian networks.",41726401,Alzheimer Disease/therapy,medium
TRET_398_001,Category 3: Treatment & Management,"According to this proteome-wide association study, what are the top candidate drugs for Alzheimer's disease treatment specifically identified for European and African American populations?","Ramipril is identified as a top candidate for European populations, and BAY 85-8501 for African American populations.",41726398,Alzheimer Disease/therapy,easy
TRET_398_002,Category 3: Treatment & Management,What specific models were utilized in this study to first identify protein-coding genes associated with AD risk and then to prioritize repositionable drugs targeting these genes?,"The BLISS model was used to identify protein-coding genes associated with AD risk, and the GREP model was applied to prioritize repositionable drugs.",41726398,Alzheimer Disease/therapy,medium
TRET_398_003,Category 3: Treatment & Management,"This study emphasizes ancestry-specific drug targets. Clinically, if considering a novel therapeutic approach for an African American patient with Alzheimer's disease based on these findings, which drug candidate would be prioritized, and what is the broader implication for AD treatment strategies?","For an African American patient, BAY 85-8501 would be prioritized. The broader implication is that therapeutic strategies for AD should account for population-specific genetic differences and ancestry, moving away from a one-size-fits-all approach to more personalized medicine, as evidenced by the distinct top drug candidates for European and African American cohorts.",41726398,Alzheimer Disease/therapy,hard
TRET_554_001,Category 3: Treatment & Management,"According to the abstract, which pharmacological intervention has shown early reductions in apathy with an acceptable safety profile in multiple randomized controlled trials, including a large 6-month trial?",Methylphenidate.,41614554,Alzheimer Disease/therapy,easy
TRET_554_002,Category 3: Treatment & Management,"What is the general conclusion regarding the effectiveness of conventional Alzheimer's medications, such as cholinesterase inhibitors and memantine, for treating apathy in dementia as described in the abstract?",They show inconsistent or limited effects on apathy.,41614554,Alzheimer Disease/therapy,medium
TRET_554_003,Category 3: Treatment & Management,"A patient with dementia presents with significant apathy, and their physician is considering various treatment options. Based on the abstract, what is the recommended stance on using antidepressants or antipsychotics specifically for the treatment of apathy, and what is the exception where they might still be considered?","Antidepressants and antipsychotics are *not recommended* for treating apathy itself. However, selected agents from these classes may be beneficial if there are comorbid conditions that they are indicated for (e.g., depression, psychosis).",41614554,Alzheimer Disease/therapy,hard
TRET_549_001,Category 3: Treatment & Management,What are the primary limitations associated with current anti-amyloid therapeutics for Alzheimer's disease mentioned in the abstract?,"Current anti-amyloid therapeutics provide only modest symptomatic relief and face limitations in accessibility, cost, and long-term efficacy.",41594549,Alzheimer Disease/therapy,easy
TRET_549_002,Category 3: Treatment & Management,"According to the abstract, what characteristics make plant-derived bioactive compounds attractive candidates for Alzheimer's disease treatment, especially in light of the limitations of existing interventions?","Plant-derived bioactive compounds are gaining attention as multi-target therapeutic agents due to their pleiotropic actions, relative safety, and ability to cross the blood-brain barrier.",41594549,Alzheimer Disease/therapy,medium
TRET_549_003,Category 3: Treatment & Management,Can you name at least three specific plant-derived compounds or their botanical sources that are highlighted in the abstract for their potential role in Alzheimer's disease treatment?,"The abstract highlights withanolides (*Withania somnifera*), curcumin (*Curcuma longa*), ginkgolides and bilobalide (*Ginkgo biloba*), and bacosides (*Bacopa monnieri*).",41594549,Alzheimer Disease/therapy,easy
TRET_938_001,Category 3: Treatment & Management,"According to the abstract, how are antimicrobial peptides (AMPs) being considered in the context of Alzheimer's disease?",Antimicrobial peptides are being suggested as potential therapeutic molecules and biomarkers for Alzheimer's disease.,41581938,Alzheimer Disease/therapy,easy
TRET_938_002,Category 3: Treatment & Management,"What is the core idea of the 'microbial hypothesis' concerning the cause of Alzheimer's disease, and what pathological symptom does it propose?",The microbial hypothesis suggests that microorganisms present in the body can contribute to Alzheimer's disease pathology by leading to symptoms such as neuroinflammation.,41581938,Alzheimer Disease/therapy,medium
TRET_938_003,Category 3: Treatment & Management,"Based on a recent theory mentioned in the abstract, what alternative reason is proposed for the formation of Amyloid-beta oligomers and plaques in Alzheimer's disease?","It is suggested that Amyloid-beta is an antimicrobial peptide on its own, and the formation of its oligomers and plaques is due to neuroprotective reasons. A similar theory exists for the formation of neurofibrillary tangles from Tau.",41581938,Alzheimer Disease/therapy,medium
TRET_720_001,Category 3: Treatment & Management,"What is the specific name of the acupuncture therapy developed by Professor JIN Rui for treating Alzheimer's disease, as mentioned in the abstract?","The therapy is called ""intelligence three-needling"" therapy.",41558720,Alzheimer Disease/therapy,easy
TRET_720_002,Category 3: Treatment & Management,"According to the abstract, list two distinct mechanisms through which the ""intelligence three-needling"" therapy is believed to exert its effects in Alzheimer's disease.","Two distinct mechanisms are: improving cholinergic system function and enhancing glucose metabolism in brain regions. (Other valid answers include: reducing oxidative stress damage, suppressing neuroinflammation, regulating the Wnt/β-catenin signaling pathway, promoting autophagy-lysosomal clearance of pathological proteins, activating the Notch pathway, demonstrating neuroprotective and anti-apoptotic effects, and modulating gut microbiota.)",41558720,Alzheimer Disease/therapy,medium
TRET_720_003,Category 3: Treatment & Management,"Beyond general neuroprotective effects, what specific pathways or processes does the ""intelligence three-needling"" therapy activate or promote to strengthen synaptic plasticity and clear pathological proteins, according to the abstract?",The therapy activates the transmembrane receptor protein (Notch) pathway to strengthen synaptic plasticity and promotes autophagy-lysosomal clearance of pathological proteins.,41558720,Alzheimer Disease/therapy,hard
TRET_956_001,Category 3: Treatment & Management,"What are the recognized therapeutic properties of Palmitoylethanolamide (PEA) that make it a promising candidate for neurodegenerative disorders, such as Alzheimer's disease?","Palmitoylethanolamide (PEA) is recognized for its inherent anti-inflammatory, analgesic, immunomodulatory, and neuroprotective properties.",41550956,Alzheimer Disease/therapy,easy
TRET_956_002,Category 3: Treatment & Management,What is the observed state and role of dendritic cells (DCs) in Alzheimer's disease (AD) pathology according to the abstract?,"In Alzheimer's disease, dendritic cells display a dysfunctional, pro-inflammatory profile, suggesting their involvement in disease pathology and progression by initiating and regulating immune responses and inflammation.",41550956,Alzheimer Disease/therapy,medium
TRET_956_003,Category 3: Treatment & Management,"Despite its potential, what aspect of Palmitoylethanolamide's (PEA) therapeutic action in neurodegenerative disorders is explicitly stated as not yet fully understood?",The precise mechanisms of action of Palmitoylethanolamide (PEA) remain to be fully understood.,41550956,Alzheimer Disease/therapy,medium
BIOM_521_001,Category 4: Biomarkers,What percentage of the patients with neurodegenerative diseases were found to be positive for *Toxoplasma gondii* IgG antibodies?,57.3%,41640521,Alzheimer Disease/cerebrospinal fluid OR Alzheimer Disease/blood,easy
BIOM_521_002,Category 4: Biomarkers,How many individual patients with Parkinson's disease were found to be positive for *Toxoplasma gondii* IgG antibodies?,60,41640521,Alzheimer Disease/cerebrospinal fluid OR Alzheimer Disease/blood,medium
BIOM_521_003,Category 4: Biomarkers,"Based on the provided data, what percentage of the *total* neurodegenerative patient cohort (300 patients) had *Toxoplasma gondii* IgG antibodies and were specifically diagnosed with Multiple Sclerosis?",14%,41640521,Alzheimer Disease/cerebrospinal fluid OR Alzheimer Disease/blood,hard
BIOM_733_001,Category 4: Biomarkers,"To generate the Alzheimer's disease animal model in C3H mice as described, what chemical compound and administration route were specifically utilized?",Trimethyltin (TMT) was administered via intraperitoneal injection.,41630733,Alzheimer Disease/cerebrospinal fluid OR Alzheimer Disease/blood,easy
BIOM_733_002,Category 4: Biomarkers,"Beyond behavioral assessments, what two primary types of biological markers or assessments were used to evaluate the AD model, and what specific brain region was examined for pathology?","Hematological analyses (blood routine) and protein biomarkers were assessed. Pathological changes were examined in brain structure, particularly the hippocampus, using hematoxylin and eosin (H&E) and Nissl staining.",41630733,Alzheimer Disease/cerebrospinal fluid OR Alzheimer Disease/blood,medium
BIOM_733_003,Category 4: Biomarkers,"What were the exact age, sex, and total number of C3H mice used across both the non-treated and treatment groups in this study's experimental design?","Eight male C3H mice were used in total (four per non-treated group and four per treatment group), all aged 8 weeks.",41630733,Alzheimer Disease/cerebrospinal fluid OR Alzheimer Disease/blood,medium
BIOM_087_001,Category 4: Biomarkers,"What does the abstract identify as the strongest correlate of cognitive loss, surpassing amyloid or tau burden?",Synaptic loss.,41561087,Alzheimer Disease/cerebrospinal fluid OR Alzheimer Disease/blood,easy
BIOM_087_002,Category 4: Biomarkers,"According to this perspective, what critical research gap in immunomodulatory therapy trials contributes to the paradox where observational studies suggest benefits but the first major antiviral RCT for AD was negative?",The absence of cerebrospinal fluid (CSF) synaptic integrity biomarkers in trial design.,41561087,Alzheimer Disease/cerebrospinal fluid OR Alzheimer Disease/blood,medium
BIOM_087_003,Category 4: Biomarkers,"The abstract notes a shift from amyloid-centric trials to interventions targeting upstream triggers like viral infections. Given the negative outcome of the Valacyclovir for Alzheimer's Disease trial, what specific type of clinical trial endpoint does the perspective advocate as essential for future immunomodulatory trials to resolve the therapeutic development paradox?","Synaptic integrity biomarkers, particularly cerebrospinal fluid (CSF) synaptic biomarkers.",41561087,Alzheimer Disease/cerebrospinal fluid OR Alzheimer Disease/blood,hard
BIOM_895_001,Category 4: Biomarkers,What is the primary clinical application of the plasma protein panel developed in this study regarding Alzheimer's disease?,The primary clinical application is for the early recognition of a risk of Alzheimer's disease (AD).,41515895,Alzheimer Disease/cerebrospinal fluid OR Alzheimer Disease/blood,easy
BIOM_895_002,Category 4: Biomarkers,Which specific proteins constitute the universal panel identified in this study that demonstrated strong classification for Alzheimer's disease risk?,"The universal panel consists of 13 proteins: ORM1, APOA4, LBP, HP, FN1, BCHE, APOE, PZP, A1BG, TF, SERPINA7, TTR, and F12.",41515895,Alzheimer Disease/cerebrospinal fluid OR Alzheimer Disease/blood,medium
BIOM_895_003,Category 4: Biomarkers,"What analytical technique was used to quantify the plasma protein levels in this study, and how many total samples were analyzed?",The study used a quantitative multiple reaction monitoring (MRM) approach (MRM-MS Analysis) and analyzed a total of 331 blood plasma samples.,41515895,Alzheimer Disease/cerebrospinal fluid OR Alzheimer Disease/blood,easy
BIOM_019_001,Category 4: Biomarkers,What is the primary objective of this study regarding neuropsychiatric symptoms in Alzheimer's disease?,The primary objective is to delineate and compare neuropsychiatric symptom (NPS) profiles across the Alzheimer's disease continuum in adults with and without Down syndrome.,41470019,Alzheimer Disease/cerebrospinal fluid OR Alzheimer Disease/blood,easy
BIOM_019_002,Category 4: Biomarkers,"Besides neuropsychiatric symptom assessment, what three categories of objective markers did the study aim to investigate in relation to NPS profiles?","The study aimed to investigate amyloid-tau (AT) biomarker status, neuroimaging (MRI), and neurophysiological markers (EEG) in relation to NPS profiles.",41470019,Alzheimer Disease/cerebrospinal fluid OR Alzheimer Disease/blood,medium
BIOM_019_003,Category 4: Biomarkers,What were the minimum age inclusion criteria for adults with Down syndrome versus non-Down syndrome participants in this study?,"Adults with Down syndrome were included if they were ≥18 years, while non-Down syndrome participants were included if they were ≥50 years.",41470019,Alzheimer Disease/cerebrospinal fluid OR Alzheimer Disease/blood,medium
BIOM_404_001,Category 4: Biomarkers,"What was the primary aim of this study regarding cardiovascular risk, plasma biomarkers, and cognitive status?",The study aimed to explore if cardiovascular risk moderates the relationship between plasma Alzheimer disease biomarkers and cognitive status.,41467404,Alzheimer Disease/cerebrospinal fluid OR Alzheimer Disease/blood,easy
BIOM_404_002,Category 4: Biomarkers,Which specific tool was utilized to quantify cardiovascular risk for participants in this study?,Cardiovascular risk was quantified using the Atherosclerotic Cardiovascular Disease (ASCVD) risk calculator.,41467404,Alzheimer Disease/cerebrospinal fluid OR Alzheimer Disease/blood,medium
BIOM_404_003,Category 4: Biomarkers,"Besides the amyloid beta 42/amyloid beta 40 ratio, which other specific plasma biomarkers were included in the analysis to assess their relationship with cognitive status?","The other plasma biomarkers included were phosphorylated tau (p-tau)181, p-tau217, and apoE4 (apolipoprotein E).",41467404,Alzheimer Disease/cerebrospinal fluid OR Alzheimer Disease/blood,medium
BIOM_672_001,Category 4: Biomarkers,What was the primary objective of this proteome-wide association study (PWAS) related to Alzheimer's disease?,The primary objective was to identify proteins with genetically regulated plasma levels associated with Alzheimer's disease (AD) and its related phenotypes.,41460672,Alzheimer Disease/cerebrospinal fluid OR Alzheimer Disease/blood,easy
BIOM_672_002,Category 4: Biomarkers,"How many novel Alzheimer's disease-associated plasma proteins were identified by this PWAS, and can you list any examples mentioned?","The study identified 13 novel AD-associated plasma proteins. Examples mentioned include FES, LRP11, and HDGF.",41460672,Alzheimer Disease/cerebrospinal fluid OR Alzheimer Disease/blood,medium
BIOM_672_003,Category 4: Biomarkers,"Beyond the initial PWAS, what additional analyses and studies were conducted to validate and expand the findings regarding AD-associated proteins?","To validate and expand findings, the researchers conducted longitudinal analyses of AD and mild cognitive disorder (MCD) over a 13.7-year follow-up, genetic-based PWAS analyses, cross-sectional studies on hippocampal volume, and constructed protein-protein interaction networks to explore mechanistic associations.",41460672,Alzheimer Disease/cerebrospinal fluid OR Alzheimer Disease/blood,hard
PROG_841_001,Category 5: Prognosis & Risk Factors,"According to the China Alzheimer's Disease Report 2024 cited in this abstract, what was the reported number of deaths in China due to Alzheimer's disease and other dementias, and what percentage did this account for of global dementia-related deaths?","The reported number of deaths in China due to Alzheimer's disease and other dementias was 320,715, accounting for 19.8% of global dementia-related deaths.",41656841,Alzheimer Disease/epidemiology,easy
PROG_841_002,Category 5: Prognosis & Risk Factors,"What is the primary aim of this study concerning senile dementias in China, and which specific age group among Chinese residents is the focus of its analysis from 1992 to 2021?",The study aims to analyze the changes in the disease burden of dementias among Chinese residents from 1992 to 2021 and to predict future trends. The analysis specifically focuses on Chinese residents aged 60 years and above.,41656841,Alzheimer Disease/epidemiology,medium
PROG_841_003,Category 5: Prognosis & Risk Factors,"To assess the disease burden of senile dementia in Chinese residents from 1992 to 2021, what three primary categories of metrics (and their age-standardized rates) were analyzed using Joinpoint regression models?",The three primary categories of metrics analyzed were: incidence and age-standardized incidence rate; deaths and age-standardized mortality rate; and disability-adjusted life years (DALY) and age-standardized DALY rate.,41656841,Alzheimer Disease/epidemiology,medium
PROG_889_001,Category 5: Prognosis & Risk Factors,What is the primary objective of this study?,To evaluate the independent and interaction effects of air pollution and accelerometer-based physical activity on incident risks of dementia subtypes.,41607889,Alzheimer Disease/epidemiology,easy
PROG_889_002,Category 5: Prognosis & Risk Factors,"How many participants were included in this study, and what method was used to measure their physical activity?","96,661 participants from the UK Biobank study were included, and their physical activity was measured using accelerometer-derived data.",41607889,Alzheimer Disease/epidemiology,medium
PROG_889_003,Category 5: Prognosis & Risk Factors,What specific issue or inconsistency regarding the protective effect of physical activity on dementia risk does this study aim to investigate further?,"This study aims to investigate the highly inconsistent magnitude of the protective effect of physical activity on dementia risk, specifically considering potential moderating effects of environmental factors such as air pollution and various approaches to physical activity measurement.",41607889,Alzheimer Disease/epidemiology,hard
PROG_508_001,Category 5: Prognosis & Risk Factors,"According to the study's findings on Alzheimer's disease hospitalizations in Brazil (2012-2022), which gender had a higher proportion of hospitalizations?",Females accounted for a higher proportion of hospitalizations (65.80%).,41581508,Alzheimer Disease/epidemiology,easy
PROG_508_002,Category 5: Prognosis & Risk Factors,What was the average length of stay for Alzheimer's disease hospitalizations in the Brazilian Unified Health System between 2012 and 2022?,The average hospital stay was 21.6 days.,41581508,Alzheimer Disease/epidemiology,easy
PROG_508_003,Category 5: Prognosis & Risk Factors,"Based on the study, what was the temporal trend of Alzheimer's disease hospitalizations in the Brazilian Unified Health System between 2012 and 2022 across different sexes, age groups by sex, and regions?","The hospitalization trend was stable across sex, age groups by sex, and regions.",41581508,Alzheimer Disease/epidemiology,medium
PROG_203_001,Category 5: Prognosis & Risk Factors,At which specific time points after ischemia was ApoA1 gene expression observed to be lower than control values in the frontal cortex?,"ApoA1 expression was lower than control values after 2 days, 6 months, and 12 months post-ischemia.",41516203,Alzheimer Disease/epidemiology,easy
PROG_203_002,Category 5: Prognosis & Risk Factors,Which two apolipoprotein genes mentioned in the study shared a similar expression pattern in the frontal cortex after ischemia?,ApoE and ApoJ showed a similar expression pattern in the frontal cortex after ischemia.,41516203,Alzheimer Disease/epidemiology,medium
PROG_203_003,Category 5: Prognosis & Risk Factors,"Based on the observed fluctuations in ApoA1, ApoE, and ApoJ gene expression over a two-year period, what do the authors suggest these changes might indicate regarding neurodegeneration?",The authors suggest that the observed changes in gene expression may reflect the activation of mechanisms or processes involved in the development of neurodegeneration.,41516203,Alzheimer Disease/epidemiology,hard
PROG_782_001,Category 5: Prognosis & Risk Factors,"According to the study on Alzheimer's disease in southwestern China, what are the identified key risk factors for AD and MCI?","The key risk factors identified in the study for AD and MCI include age >80 years, female sex, low education, rural residence, surgical history, and urological comorbidities.",41476782,Alzheimer Disease/epidemiology,easy
PROG_782_002,Category 5: Prognosis & Risk Factors,"What is the prevalence of Alzheimer's disease and overall cognitive decline among adults aged ≥60 years in southwestern China, and how does this compare to national and global averages, according to the study?","The study found a high burden of cognitive impairment in southwestern China, with 22.07% of adults aged ≥60 years exhibiting cognitive decline and 5.81% diagnosed with Alzheimer's disease. These rates are reported to surpass national and global averages.",41476782,Alzheimer Disease/epidemiology,medium
PROG_782_003,Category 5: Prognosis & Risk Factors,"Considering the study's findings, what clinical implications might the identified regional prevalence and unique risk factors have for a healthcare provider managing an elderly patient from a rural area in southwestern China who presents with early signs of cognitive impairment?","For an elderly patient from a rural area in southwestern China with early signs of cognitive impairment, a healthcare provider should be particularly alert due to the region's higher-than-average prevalence of cognitive decline and AD. The assessment should specifically focus on identified regional risk factors, including the patient's exact age (especially if >80), sex (females are at higher risk), educational background, history of any surgeries, and presence of urological comorbidities. This targeted evaluation based on regional data can help in early diagnosis and more tailored management strategies, considering the higher burden of the disease in this specific population.",41476782,Alzheimer Disease/epidemiology,hard
PROG_307_001,Category 5: Prognosis & Risk Factors,What type of study design was used to systematically identify medical conditions associated with subsequent Alzheimer's disease development from electronic health records?,Retrospective cohort study.,41466307,Alzheimer Disease/epidemiology,easy
PROG_307_002,Category 5: Prognosis & Risk Factors,"In this study, what specific methodology was used to determine which medical conditions were more likely to occur in individuals who later developed Alzheimer's disease?",Tracking electronic health records (EHRs) over a 10-year window before AD diagnosis and comparing the EHRs between AD cases and age- and gender-matched controls.,41466307,Alzheimer Disease/epidemiology,medium
PROG_307_003,Category 5: Prognosis & Risk Factors,"Beyond identifying associated medical conditions from electronic health records, what additional research component was included in this study to further understand these associations, and what data sources were used for this component?","The study assessed the genetic underpinnings of these conditions in relation to AD genetics, using data from two large-scale biobanks: BioVU and UK Biobank.",41466307,Alzheimer Disease/epidemiology,hard
PROG_835_001,Category 5: Prognosis & Risk Factors,What is the primary purpose of calculating Mortality-to-Incidence Ratios (MIRs) for Alzheimer's Disease and Related Dementias (ADRDs) in the South Carolina study?,"The primary purpose of calculating MIRs for ADRDs in this study is to assess disease burdens and illustrate disparities, specifically to identify areas in South Carolina with the greatest burden for targeting interventions.",41460835,Alzheimer Disease/epidemiology,easy
PROG_835_002,Category 5: Prognosis & Risk Factors,"Which demographic groups in South Carolina consistently experienced higher ADRD Mortality-to-Incidence Ratios (MIRs), and how did the COVID-19 pandemic influence these disparities?",Black people and rural individuals consistently experienced higher ADRD MIRs. The COVID-19 pandemic increased this disparity gap.,41460835,Alzheimer Disease/epidemiology,medium
PROG_835_003,Category 5: Prognosis & Risk Factors,"The study noted a significant finding regarding MIRs greater than 1.00. For which specific demographic group were these MIRs exclusively observed, and what is the general implication of an ADRD MIR exceeding 1.00 in the context of assessing disease burdens?","MIRs greater than 1.00 were only observed among Black people. In the context of assessing disease burdens, an ADRD MIR exceeding 1.00 implies that the age-adjusted mortality rate for ADRDs is higher than the age-adjusted incidence rate in that population. This suggests a potentially greater burden of deaths relative to new diagnoses, which could point to issues like underdiagnosis, higher case fatality rates, or challenges in capturing incidence.",41460835,Alzheimer Disease/epidemiology,hard
PROG_671_001,Category 5: Prognosis & Risk Factors,What specific plasma biomarkers for Alzheimer's disease were measured in this population-based study?,"The study measured 40- and 42-amino acid amyloid-β (Aβ₄₀ and Aβ₄₂), total tau (T-tau), tau phosphorylated at threonine 181 (P-tau181), and neurofilament light chain (NfL).",41460671,Alzheimer Disease/epidemiology,easy
PROG_671_002,Category 5: Prognosis & Risk Factors,Which specific demographic group and age range were the participants drawn from for this study?,"The participants were 845 randomly selected Japanese men from the general population, aged over 40 years.",41460671,Alzheimer Disease/epidemiology,medium
PROG_671_003,Category 5: Prognosis & Risk Factors,What was the primary objective of this study regarding the interpretation of AD plasma biomarkers in a general population setting?,"The primary objective was to identify confounding variables that may obscure the interpretation of AD plasma biomarkers by examining their associations with various physiological indices, including age, renal function, and cognitive function.",41460671,Alzheimer Disease/epidemiology,medium
TRET_241_001,Category 3: Treatment & Management,What are the two primary mechanisms of action targeted by compound 7c in the context of Alzheimer's disease according to this study?,Compound 7c targets human butyrylcholinesterase (hBChE) for inhibition and activates the sigma-1 receptor (S1R).,41547241,Alzheimer Disease/therapy,easy
TRET_241_002,Category 3: Treatment & Management,"In the Aβ25-35 mouse model, what was the effective dose of compound 7c for improving cognitive deficits, and what advantage did it demonstrate compared to single-target compounds?","Compound 7c showed remarkable improvement in cognitive deficits at an effective dose of 0.01 mg/kg. This dose is 10-fold lower compared to single-target compounds, indicating a significant improvement in potency or efficacy.",41547241,Alzheimer Disease/therapy,medium
TRET_241_003,Category 3: Treatment & Management,"Based on the abstract, what is the scientific rationale for developing a multi-target ligand like compound 7c for Alzheimer's disease, rather than focusing on single-target approaches?","The rationale stems from the ""multifactorial nature and complex pathophysiology"" of Alzheimer's disease. Developing a multi-target ligand aims to address multiple contributing pathways simultaneously (e.g., β-amyloid plaque formation via hBChE and neuroinflammation/protective pathways via S1R) to achieve a more comprehensive and potent therapeutic effect, as evidenced by compound 7c's 10-fold lower effective dose compared to single-target compounds.",41547241,Alzheimer Disease/therapy,hard
BIOM_600_001,Category 4: Biomarkers,What three clinically relevant plasma biomarkers were investigated for diagnostic performance in this systematic review?,"The review focused on phosphorylated tau-217 (pTau217), glial fibrillary acidic protein (GFAP), and neurofilament light chain (NfL).",41460600,Alzheimer Disease/cerebrospinal fluid OR Alzheimer Disease/blood,easy
BIOM_600_002,Category 4: Biomarkers,"According to the abstract, what are the primary advantages of blood biomarkers compared to the gold standard methods for Alzheimer's disease diagnosis?","Blood biomarkers offer a scalable, accessible, and resource-efficient diagnostic alternative, unlike the invasive, expensive, and non-scalable gold standard methods (cerebrospinal fluid lumbar puncture and amyloid-positron emission tomography).",41460600,Alzheimer Disease/cerebrospinal fluid OR Alzheimer Disease/blood,medium
BIOM_600_003,Category 4: Biomarkers,"What was the common study design among all included studies in this review, and what is a general limitation of this design regarding disease progression?","All included studies were cross-sectional. A limitation of this design is that it provides a snapshot at a single point in time, making it less suitable for assessing disease progression or changes in biomarkers over time, which would typically require longitudinal studies.",41460600,Alzheimer Disease/cerebrospinal fluid OR Alzheimer Disease/blood,hard
BIOM_598_001,Category 4: Biomarkers,"In this study of patients with probable DLB, what was observed regarding Alzheimer's disease biological profiles more frequently in females compared to males during univariate analysis?","In univariate analysis, females with probable DLB had more frequent AD profiles (based on cerebrospinal fluid biomarkers).",41460598,Alzheimer Disease/cerebrospinal fluid OR Alzheimer Disease/blood,easy
BIOM_598_002,Category 4: Biomarkers,"According to this study, which specific sex-related clinical differences in DLB were partially attenuated after adjusting for Alzheimer's disease cerebrospinal fluid biomarkers?","After adjusting for AD biomarkers, sex differences in REM sleep disorder and Mini-Mental State Examination (MMSE) scores were attenuated.",41460598,Alzheimer Disease/cerebrospinal fluid OR Alzheimer Disease/blood,medium
BIOM_598_003,Category 4: Biomarkers,"Following adjustment for Alzheimer's disease biomarkers, which sex-related clinical difference in DLB was noted to *not* be attenuated, suggesting other underlying mechanisms?",The sex difference in parkinsonism was not attenuated after adjusting for AD biomarkers.,41460598,Alzheimer Disease/cerebrospinal fluid OR Alzheimer Disease/blood,hard
BIOM_950_001,Category 4: Biomarkers,What common laboratory confounding factor is identified in the abstract as potentially causing falsely elevated plasma p-tau217 results in Alzheimer's disease biomarker assays?,Heterophilic antibodies (HAb) are a persistent potential confounding factor that can lead to falsely elevated plasma p-tau217 results.,41457950,Alzheimer Disease/cerebrospinal fluid OR Alzheimer Disease/blood,easy
BIOM_950_002,Category 4: Biomarkers,"If a laboratory suspects heterophilic antibody (HAb) interference in a plasma p-tau217 sample with an unexpectedly high concentration, what specific blocking agent described in the abstract could be used to investigate this interference?",Treating the sample with a heterophilic antibody blocking reagent (HBT) is described as a method to investigate and greatly reduce measured p-tau217 concentrations in suspected HAb cases.,41457950,Alzheimer Disease/cerebrospinal fluid OR Alzheimer Disease/blood,medium
BIOM_950_003,Category 4: Biomarkers,"Beyond p-tau217, what other Alzheimer's disease biomarker mentioned in the abstract was also observed to be affected by the HAb blocking reagent, and what is the overarching clinical concern highlighted by such interference?","The Aβ42 biomarker was also affected, as HAb blocking reagent reduced Aβ42 concentrations in one of the three specimens selected for further investigation. The overarching clinical concern is that HAb interference can result in falsely elevated p-tau217 and p-tau217/Aβ42 ratio, representing a potential clinical pitfall (e.g., misdiagnosis or incorrect risk assessment for AD).",41457950,Alzheimer Disease/cerebrospinal fluid OR Alzheimer Disease/blood,hard
PROG_665_001,Category 5: Prognosis & Risk Factors,What is the primary finding regarding the association between Open-Angle Glaucoma (OAG) and Early-Onset Alzheimer's Disease (EOAD) in this study?,"The study found a significant association between OAG and EOAD, with an odds ratio (OR) of 1.22 (95% CI, 1.06-1.40; p=0.006).",41460665,Alzheimer Disease/epidemiology,easy
PROG_665_002,Category 5: Prognosis & Risk Factors,"According to this study, what percentage of Early-Onset Alzheimer's Disease (EOAD) cases had a prior diagnosis of Open-Angle Glaucoma (OAG)?",15.8% of EOAD cases had OAG.,41460665,Alzheimer Disease/epidemiology,easy
PROG_665_003,Category 5: Prognosis & Risk Factors,"Besides Open-Angle Glaucoma (OAG), what other comorbidity was significantly associated with Early-Onset Alzheimer's Disease (EOAD) in this study, and what was its corresponding odds ratio?","Diabetes was significantly associated with EOAD (OR, 1.56; 95% CI, 1.37-1.77).",41460665,Alzheimer Disease/epidemiology,medium
PROG_601_001,Category 5: Prognosis & Risk Factors,What primary neurological health issues are investigated in relation to air pollution in this study?,"Cognitive decline, Alzheimer's disease (AD), and Alzheimer's disease-related dementias (ADRD).",41460601,Alzheimer Disease/epidemiology,easy
PROG_601_002,Category 5: Prognosis & Risk Factors,What specific measure of cognitive performance was used in the observational analysis involving the Chinese Longitudinal Healthy Longevity Survey (CLHLS) cohort?,Mini-Mental State Examination (MMSE) scores.,41460601,Alzheimer Disease/epidemiology,medium
PROG_601_003,Category 5: Prognosis & Risk Factors,What advanced genetic methodology was employed to assess the *causal* effects of air pollutants on AD/ADRD risk and to evaluate the role of C-reactive protein as a mediator?,"Two-sample Mendelian randomization (MR) was used to estimate causal effects on AD risk, and Mediation Mendelian Randomization (Mediation MR) was employed to assess the contribution of C-reactive protein (CRP).",41460601,Alzheimer Disease/epidemiology,hard
